<?xml version="1.0" encoding="utf-8"?>
<extension type="module" version="3.1.0" client="site" method="upgrade">
    <name>Hola mundo</name>
    <author>Copanonga</author>
    <version>1.0.0</version>
    <description>Hola mundo</description>
    <files>
        <filename>mod_holamundo.xml</filename>
        <filename module="mod_holamundo">mod_holamundo.php</filename>
        <filename>index.html</filename>
        <filename>helper.php</filename>
        <filename>tmpl/default.php</filename>
        <filename>tmpl/index.html</filename>
    </files>
    <config>
    </config>
</extension>